{"mean_amplitude": [[-137.04104499820917, -9.264936155022003, 2.3400079754116523, 17660000.0, 1000.0]], "STD_amplitude": [[208.3646743603766, 66.66825254756807, 25.52079334919305, 6363049.583336594, 250.0]]}